{
  "k_global_frac": 0.185,
  "k_global": 185,
  "n": 45,
  "sign_convention": "",
  "raw_r": {
    "n": 45,
    "pearson_r": -0.38670748332958477,
    "pearson_p": 0.008688495705537355,
    "spearman_r": -0.4408432147562582,
    "spearman_p": 0.0024378054200597746,
    "kendall_tau": -0.2909090909090909,
    "kendall_p": 0.004842804619659825
  },
  "fisher_z": {
    "n": 40,
    "pearson_r": -0.15167132005040732,
    "pearson_p": 0.3501718163952884,
    "spearman_r": -0.34277673545966236,
    "spearman_p": 0.03036937223183192,
    "kendall_tau": -0.22820512820512823,
    "kendall_p": 0.03809007124607287
  }
}