{
  "k_frac": 0.07,
  "k": 70,
  "n": 45,
  "sign_convention": "",
  "pearson_r": 0.10231450452146022,
  "pearson_p": 0.5036287322639398,
  "spearman_r": 0.17101449275362315,
  "spearman_p": 0.2613455866618574,
  "kendall_tau": 0.09292929292929293,
  "kendall_p": 0.3681343970179406
}