{
  "k_global_frac": 0.125,
  "k_global": 125,
  "n": 45,
  "sign_convention": "",
  "raw_r": {
    "n": 45,
    "pearson_r": -0.3397094906600507,
    "pearson_p": 0.02242575705300866,
    "spearman_r": -0.4133069828722002,
    "spearman_p": 0.004773889285494036,
    "kendall_tau": -0.2808080808080808,
    "kendall_p": 0.006538368149195368
  },
  "fisher_z": {
    "n": 40,
    "pearson_r": -0.20081960043779917,
    "pearson_p": 0.2140430933708747,
    "spearman_r": -0.40393996247654795,
    "spearman_p": 0.009740004424536059,
    "kendall_tau": -0.2743589743589744,
    "kendall_p": 0.012655423538606025
  }
}