{
  "k_global_frac": 0.25,
  "k_global": 250,
  "n": 45,
  "sign_convention": "",
  "raw_r": {
    "n": 45,
    "pearson_r": -0.40701934375334914,
    "pearson_p": 0.005523620823376199,
    "spearman_r": -0.46706192358366266,
    "spearman_p": 0.0012185539377755766,
    "kendall_tau": -0.31313131313131315,
    "kendall_p": 0.0024252172821987634
  },
  "fisher_z": {
    "n": 40,
    "pearson_r": -0.11288948523725467,
    "pearson_p": 0.48795964329638936,
    "spearman_r": -0.40168855534709197,
    "spearman_p": 0.010194389295051632,
    "kendall_tau": -0.26666666666666666,
    "kendall_p": 0.01537534294969853
  }
}