{
  "k_frac": 0.03,
  "k": 30,
  "n": 45,
  "sign_convention": "",
  "pearson_r": 0.15574560716303695,
  "pearson_p": 0.3069588031418777,
  "spearman_r": 0.18115942028985504,
  "spearman_p": 0.2336765100773118,
  "kendall_tau": 0.10707070707070705,
  "kendall_p": 0.2997703948150152
}