Depth,Type,N,Pearson_r,p_value,R_squared,Slope
5,Shallow,36,-0.5009515799102658,0.001858317955780437,0.2509524854145915,-0.005578475714560565
11,Deep,24,-0.7094865435390577,0.00010346225938730633,0.5033711554629994,-0.009504833924618813
