k,N,Spearman_rho,p_value,significance
325,20,-0.5263157894736841,0.017130651985788236,*
400,20,-0.47218045112781953,0.035542393671932,*
500,20,-0.5007518796992482,0.0245192684094765,*
